{
    "[RIVER, TIME] One Step LK": 0.08098864555358887,
    "[RIVER, MSE] Original video": 46.84747208436725,
    "[RIVER, MSE] One Step LK": 691.2080394229882,
    "[RIVER, TIME] Full LK": 1.1766109466552734,
    "[RIVER, MSE] Full LK": 28.79439476128768
}