{
    "[RIVER, TIME] One Step LK": 0.07940888404846191,
    "[RIVER, MSE] Original video": 46.84747208436725,
    "[RIVER, MSE] One Step LK": 691.2080394229882,
    "[RIVER, TIME] Full LK": 1.143235445022583,
    "[RIVER, MSE] Full LK": 28.79439476128768
}