{
    "[RIVER, TIME] One Step LK": 0.10044503211975098,
    "[RIVER, MSE] Original video": 46.84747208436725,
    "[RIVER, MSE] One Step LK": 691.2080394229882,
    "[RIVER, TIME] Full LK": 1.507702112197876,
    "[RIVER, MSE] Full LK": 28.79439476128768
}