{"time_to_stabilize": 87.82071809999991, "time_to_binary": 225.57768099999998, "time_to_alpha": 383.39459609999994, "time_to_matted": 383.39459609999994, "time_to_output": 395.0395208}