{"time_to_stabilize": 112.34387520000018, "time_to_binary": 136.48744449999958, "time_to_alpha": "Same as Matted we solve them together", "time_to_matted": 128.55667470000026, "time_to_output": 11.713602499999979}